{"model":{"version":2,"nodes":[{"name":"RootNode","position":[0,0,0],"rotation":[0,0,0],"scale":[1,1,1]},{"name":"Cube","position":[0,0,0],"rotation":[-90,0,0],"scale":[1,1,1]},{"name":"Lamp","position":[4.07625,5.90386,-1.00545],"rotation":[47.5336,107.221,10.7437],"scale":[1,1,1]},{"name":"Camera","position":[7.48113,5.34367,6.50764],"rotation":[22.7688,142.108,34.3485],"scale":[1,1,1]}],"parents":[-1,0,0,0],"skins":[],"vertices":[{"position":{"type":"float32","components":3,"data":[-1,-1,-1,1,1,-1,1,-1,-1,-1,1,-1,-1,1,1,0.999999,-1,1,1,0.999999,1,-1,-1,1,1,0.999999,1,1,-1,-1,1,1,-1,0.999999,-1,1,0.999999,-1,1,-1,-1,-1,1,-1,-1,-1,-1,1,-1,1,1,-1,-1,-1,-1,-1,1,-1,1,-1,-1,1,1,1,1,-1,-1,1,-1,1,0.999999,1,-0.221909,-1.03216,1.17963,-0.221909,-0.22217,0.76508,-0.221909,-0.22217,1.17963,-0.221909,-1.03216,0.76508,-0.221909,-0.22217,1.17963,-1.0319,-0.22217,0.76508,-1.0319,-0.22217,1.17963,-0.221909,-0.22217,0.76508,-1.0319,-1.03216,1.17963,-0.221909,-0.22217,1.17963,-1.0319,-0.22217,1.17963,-0.221909,-1.03216,1.17963,-1.0319,-1.03216,1.17963,-0.221909,-1.03216,0.76508,-0.221909,-1.03216,1.17963,-1.0319,-1.03216,0.76508,-1.0319,-0.22217,1.17963,-1.0319,-1.03216,0.76508,-1.0319,-1.03216,1.17963,-1.0319,-0.22217,0.76508,-0.221909,-1.03216,0.76508,-1.0319,-1.03216,0.76508,-1.0319,-0.22217,0.76508,-0.221909,-0.22217,0.76508,1.02748,-1.03216,1.17963,1.02748,-0.22217,0.76508,1.02748,-0.22217,1.17963,1.02748,-1.03216,0.76508,1.02748,-0.22217,1.17963,0.217483,-0.22217,0.76508,0.217483,-0.22217,1.17963,1.02748,-0.22217,0.76508,0.217483,-1.03216,1.17963,1.02748,-0.22217,1.17963,0.217483,-0.22217,1.17963,1.02748,-1.03216,1.17963,0.217483,-1.03216,1.17963,1.02748,-1.03216,0.76508,1.02748,-1.03216,1.17963,0.217483,-1.03216,0.76508,0.217483,-0.22217,1.17963,0.217483,-1.03216,0.76508,0.217483,-1.03216,1.17963,0.217483,-0.22217,0.76508,1.02748,-1.03216,0.76508,0.217483,-1.03216,0.76508,0.217483,-0.22217,0.76508,1.02748,-0.22217,0.76508,-0.221909,0.22687,1.17963,-0.221909,1.03686,0.76508,-0.221909,1.03686,1.17963,-0.221909,0.22687,0.76508,-0.221909,1.03686,1.17963,-1.0319,1.03686,0.76508,-1.0319,1.03686,1.17963,-0.221909,1.03686,0.76508,-1.0319,0.22687,1.17963,-0.221909,1.03686,1.17963,-1.0319,1.03686,1.17963,-0.221909,0.22687,1.17963,-1.0319,0.22687,1.17963,-0.221909,0.22687,0.76508,-0.221909,0.22687,1.17963,-1.0319,0.22687,0.76508,-1.0319,1.03686,1.17963,-1.0319,0.22687,0.76508,-1.0319,0.22687,1.17963,-1.0319,1.03686,0.76508,-0.221909,0.22687,0.76508,-1.0319,0.22687,0.76508,-1.0319,1.03686,0.76508,-0.221909,1.03686,0.76508,1.02748,0.22687,1.17963,1.02748,1.03686,0.76508,1.02748,1.03686,1.17963,1.02748,0.22687,0.76508,1.02748,1.03686,1.17963,0.217483,1.03686,0.76508,0.217483,1.03686,1.17963,1.02748,1.03686,0.76508,0.217483,0.22687,1.17963,1.02748,1.03686,1.17963,0.217483,1.03686,1.17963,1.02748,0.22687,1.17963,0.217483,0.22687,1.17963,1.02748,0.22687,0.76508,1.02748,0.22687,1.17963,0.217483,0.22687,0.76508,0.217483,1.03686,1.17963,0.217483,0.22687,0.76508,0.217483,0.22687,1.17963,0.217483,1.03686,0.76508,1.02748,0.22687,0.76508,0.217483,0.22687,0.76508,0.217483,1.03686,0.76508,1.02748,1.03686,0.76508]},"normal":{"type":"float32","components":3,"data":[0,0,-1,0,0,-1,0,0,-1,0,0,-1,2.98023e-08,0,1,2.98023e-08,0,1,2.98023e-08,0,1,2.98023e-08,0,1,1,-2.98023e-07,4.47034e-08,1,-2.98023e-07,4.47034e-08,1,-2.98023e-07,4.47034e-08,1,-2.98023e-07,4.47034e-08,-2.83122e-07,-1,-1.78814e-07,-2.83122e-07,-1,-1.78814e-07,-2.83122e-07,-1,-1.78814e-07,-2.83122e-07,-1,-1.78814e-07,-1,2.38419e-07,-1.3411e-07,-1,2.38419e-07,-1.3411e-07,-1,2.38419e-07,-1.3411e-07,-1,2.38419e-07,-1.3411e-07,2.38419e-07,1,1.63913e-07,2.38419e-07,1,1.63913e-07,2.38419e-07,1,1.63913e-07,2.38419e-07,1,1.63913e-07,1,0,0,1,0,0,1,0,0,1,0,0,0,1,0,0,1,0,0,1,0,0,1,0,0,0,1,0,0,1,0,0,1,0,0,1,0,-1,0,0,-1,0,0,-1,0,0,-1,0,-1,0,0,-1,0,0,-1,0,0,-1,0,0,0,0,-1,0,0,-1,0,0,-1,0,0,-1,1,0,0,1,0,0,1,0,0,1,0,0,0,1,0,0,1,0,0,1,0,0,1,0,0,0,1,0,0,1,0,0,1,0,0,1,0,-1,0,0,-1,0,0,-1,0,0,-1,0,-1,0,0,-1,0,0,-1,0,0,-1,0,0,0,0,-1,0,0,-1,0,0,-1,0,0,-1,1,0,0,1,0,0,1,0,0,1,0,0,0,1,0,0,1,0,0,1,0,0,1,0,0,0,1,0,0,1,0,0,1,0,0,1,0,-1,0,0,-1,0,0,-1,0,0,-1,0,-1,0,0,-1,0,0,-1,0,0,-1,0,0,0,0,-1,0,0,-1,0,0,-1,0,0,-1,1,0,0,1,0,0,1,0,0,1,0,0,0,1,0,0,1,0,0,1,0,0,1,0,0,0,1,0,0,1,0,0,1,0,0,1,0,-1,0,0,-1,0,0,-1,0,0,-1,0,-1,0,0,-1,0,0,-1,0,0,-1,0,0,0,0,-1,0,0,-1,0,0,-1,0,0,-1]},"texCoord0":{"type":"float32","components":2,"data":[-2.16996,-2.02343,-0.190523,-0.0439844,-0.190523,-2.02343,-2.16996,-0.0439839,0.563226,0.460212,0.889899,0.133538,0.889899,0.460212,0.563226,0.133538,0.497142,0.469683,0.0264108,0.116139,0.497142,0.116139,0.0264107,0.469683,0.498246,0.466881,0.0272599,0.118942,0.498246,0.118942,0.0272599,0.466881,0.0244735,0.468605,0.500595,0.117983,0.500595,0.468605,0.0244735,0.117983,0.502126,0.470971,0.0243673,0.117236,0.502126,0.117236,0.0243673,0.470972,0.266774,0.784713,0.433645,0.702793,0.433645,0.784713,0.266774,0.702793,0.266261,0.785158,0.432807,0.688254,0.432807,0.785158,0.266261,0.688254,0.268066,0.806624,0.432094,0.91727,0.268066,0.916714,0.432094,0.806671,0.268289,0.785333,0.430775,0.690485,0.430775,0.785333,0.268289,0.690485,0.266819,0.784788,0.43283,0.684516,0.43283,0.784788,0.266819,0.684516,0.922953,0.137908,0.607795,0.137908,0.607795,0.453066,0.922953,0.453066,0.266774,0.784713,0.433645,0.702793,0.433645,0.784713,0.266774,0.702793,0.266261,0.785158,0.432807,0.688254,0.432807,0.785158,0.266261,0.688254,0.268066,0.806624,0.432094,0.91727,0.268066,0.916714,0.432094,0.806671,0.268289,0.785333,0.430775,0.690485,0.430775,0.785333,0.268289,0.690485,0.266819,0.784788,0.43283,0.684516,0.43283,0.784788,0.266819,0.684516,0.922953,0.137908,0.607795,0.137908,0.607795,0.453066,0.922953,0.453066,0.266774,0.784713,0.433645,0.702793,0.433645,0.784713,0.266774,0.702793,0.266261,0.785158,0.432807,0.688254,0.432807,0.785158,0.266261,0.688254,0.268066,0.806624,0.432094,0.91727,0.268066,0.916714,0.432094,0.806671,0.268289,0.785333,0.430775,0.690485,0.430775,0.785333,0.268289,0.690485,0.266819,0.784788,0.43283,0.684516,0.43283,0.784788,0.266819,0.684516,0.922953,0.137908,0.607795,0.137908,0.607795,0.453066,0.922953,0.453066,0.266774,0.784713,0.433645,0.702793,0.433645,0.784713,0.266774,0.702793,0.266261,0.785158,0.432807,0.688254,0.432807,0.785158,0.266261,0.688254,0.268066,0.806624,0.432094,0.91727,0.268066,0.916714,0.432094,0.806671,0.268289,0.785333,0.430775,0.690485,0.430775,0.785333,0.268289,0.690485,0.266819,0.784788,0.43283,0.684516,0.43283,0.784788,0.266819,0.684516,0.922953,0.137908,0.607795,0.137908,0.607795,0.453066,0.922953,0.453066]}}],"meshes":[{"aabb":{"min":[-1.0319,-1.03216,-1],"max":[1.02748,1.03686,1.17963]},"vertices":0,"indices":[0,1,2,1,0,3,4,5,6,5,4,7,8,9,10,9,8,11,12,13,14,13,12,15,16,17,18,17,16,19,20,21,22,21,20,23,24,25,26,25,24,27,28,29,30,29,28,31,32,33,34,33,32,35,36,37,38,37,36,39,40,41,42,41,40,43,44,45,46,44,46,47,48,49,50,49,48,51,52,53,54,53,52,55,56,57,58,57,56,59,60,61,62,61,60,63,64,65,66,65,64,67,68,69,70,68,70,71,72,73,74,73,72,75,76,77,78,77,76,79,80,81,82,81,80,83,84,85,86,85,84,87,88,89,90,89,88,91,92,93,94,92,94,95,96,97,98,97,96,99,100,101,102,101,100,103,104,105,106,105,104,107,108,109,110,109,108,111,112,113,114,113,112,115,116,117,118,116,118,119],"type":"triangles","base":0,"count":180}],"meshInstances":[{"node":1,"mesh":0}]}}