{"model":{"version":2,"nodes":[{"name":"RootNode","position":[0,0,0],"rotation":[0,0,0],"scale":[1,1,1]},{"name":"Cylinder","position":[0,0,0],"rotation":[-90,0,0],"scale":[1,1,1]},{"name":"Lamp","position":[4.07625,5.90386,-1.00545],"rotation":[47.5336,107.221,10.7437],"scale":[1,1,1]},{"name":"Camera","position":[7.48113,5.34367,6.50764],"rotation":[22.7688,142.108,34.3485],"scale":[1,1,1]}],"parents":[-1,0,0,0],"skins":[],"vertices":[{"position":{"type":"float32","components":3,"data":[0.626751,0.191796,1.02061,-2.46343e-09,0.929807,-0.781012,-2.46343e-09,0.929807,1.02061,0.626751,0.191796,-0.781012,-8.12147e-08,-0.14401,1.02061,0.626751,0.191796,-0.781012,0.626751,0.191796,1.02061,-8.12147e-08,-0.14401,-0.781012,-0.626751,0.19636,3.3537,-2.46343e-09,0.900871,3.57352,-2.46343e-09,0.915339,2.29707,-0.626751,0.194078,2.18715,-0.626751,0.191796,1.02061,-8.12147e-08,-0.14401,-0.781012,-8.12147e-08,-0.14401,1.02061,-0.626751,0.191796,-0.781012,-2.46343e-09,0.929807,1.02061,-0.626751,0.191796,-0.781012,-0.626751,0.191796,1.02061,-2.46343e-09,0.929807,-0.781012,0.626751,0.191796,-0.781012,-8.12147e-08,-0.14401,-0.781012,-2.46343e-09,0.929807,-0.781012,-0.626751,0.191796,-0.781012,-0.695764,0.146245,5.37198,-3.70868e-09,0.834806,4.73907,-0.661258,0.171302,4.36284,-4.95392e-09,0.768741,5.90462,-8.12147e-08,-0.124203,3.25367,0.626751,0.194078,2.18715,0.626751,0.19636,3.3537,-8.12147e-08,-0.134106,2.13714,0.626751,0.19636,3.3537,-2.46343e-09,0.915339,2.29707,-2.46343e-09,0.900871,3.57352,0.626751,0.194078,2.18715,-0.626751,0.19636,3.3537,-0.626751,0.194078,2.18715,-8.12147e-08,-0.124203,3.25367,-8.12147e-08,-0.134106,2.13714,-5.51257e-08,-0.671517,5.75802,-0.695764,-0.546184,6.1091,-0.695764,-0.19997,5.74054,-7.37512e-08,-0.404259,5.44382,-9.23767e-08,-0.137,5.12961,0.661258,0.171302,4.36284,0.695764,0.146245,5.37198,-8.67957e-08,-0.130601,4.19164,-9.23767e-08,-0.137,5.12961,-0.695764,0.146245,5.37198,-0.661258,0.171302,4.36284,-8.67957e-08,-0.130601,4.19164,-3.70868e-09,0.834806,4.73907,0.695764,0.146245,5.37198,0.661258,0.171302,4.36284,-4.95392e-09,0.768741,5.90462,-8.47536e-08,-1.62598,6.73973,-0.695764,-0.546184,6.1091,-0.695764,-1.24121,6.01642,3.22971e-08,-0.270735,6.88069,1.36716e-08,0.249003,6.39265,0.695764,-0.546184,6.1091,0.695764,-0.19997,5.74054,3.22971e-08,-0.270735,6.88069,-0.695764,-0.546184,6.1091,1.36716e-08,0.249003,6.39265,-0.695764,-0.19997,5.74054,3.22971e-08,-0.270735,6.88069,-5.51257e-08,-0.671517,5.75802,0.695764,-0.19997,5.74054,0.695764,-0.546184,6.1091,-7.37512e-08,-0.404259,5.44382,-1.72176e-07,-1.06614,5.68731,0.695764,-1.24121,6.01642,0.695764,-1.7314,5.51537,-1.64104e-07,-1.40386,5.33737,-1.72176e-07,-1.06614,5.68731,0.695764,-0.546184,6.1091,0.695764,-1.24121,6.01642,-5.51257e-08,-0.671517,5.75802,-1.72176e-07,-1.06614,5.68731,-0.695764,-1.24121,6.01642,-0.695764,-0.546184,6.1091,-5.51257e-08,-0.671517,5.75802,-8.47536e-08,-1.62598,6.73973,0.695764,-0.546184,6.1091,3.22971e-08,-0.270735,6.88069,0.695764,-1.24121,6.01642,-1.64104e-07,-1.40386,5.33737,-0.496059,-2.29132,4.55215,-0.695764,-1.7314,5.51537,-1.73945e-07,-2.0578,4.42524,-1.72176e-07,-1.06614,5.68731,-0.695764,-1.7314,5.51537,-0.695764,-1.24121,6.01642,-1.64104e-07,-1.40386,5.33737,0.695764,-1.7314,5.51537,0.695764,-1.24121,6.01642,-7.66814e-08,-2.45124,5.90657,-8.47536e-08,-1.62598,6.73973,-7.66814e-08,-2.45124,5.90657,-0.695764,-1.24121,6.01642,-0.695764,-1.7314,5.51537,-8.47536e-08,-1.62598,6.73973,-1.73945e-07,-2.0578,4.42524,-1.11615e-07,-2.80455,4.83106,-0.496059,-2.29132,4.55215,0.496059,-2.29132,4.55215,-7.66814e-08,-2.45124,5.90657,-1.11615e-07,-2.80455,4.83106,0.695764,-1.7314,5.51537,0.496059,-2.29132,4.55215,-0.695764,-1.7314,5.51537,-1.11615e-07,-2.80455,4.83106,-7.66814e-08,-2.45124,5.90657,-0.496059,-2.29132,4.55215,0.695764,-1.7314,5.51537,0.496059,-2.29132,4.55215,-1.64104e-07,-1.40386,5.33737,-1.73945e-07,-2.0578,4.42524,-0.626751,0.194078,2.18715,-0.626751,0.191796,1.02061,-8.12147e-08,-0.134106,2.13714,-8.12147e-08,-0.14401,1.02061,0.626751,0.194078,2.18715,-2.46343e-09,0.929807,1.02061,-2.46343e-09,0.915339,2.29707,0.626751,0.191796,1.02061,-8.12147e-08,-0.134106,2.13714,0.626751,0.191796,1.02061,0.626751,0.194078,2.18715,-8.12147e-08,-0.14401,1.02061,-0.626751,0.194078,2.18715,-2.46343e-09,0.915339,2.29707,-2.46343e-09,0.929807,1.02061,-0.626751,0.191796,1.02061,0.661258,0.171302,4.36284,-2.46343e-09,0.900871,3.57352,-3.70868e-09,0.834806,4.73907,0.626751,0.19636,3.3537,-8.67957e-08,-0.130601,4.19164,-0.661258,0.171302,4.36284,-0.626751,0.19636,3.3537,-8.12147e-08,-0.124203,3.25367,-8.67957e-08,-0.130601,4.19164,0.626751,0.19636,3.3537,0.661258,0.171302,4.36284,-8.12147e-08,-0.124203,3.25367,-0.661258,0.171302,4.36284,-3.70868e-09,0.834806,4.73907,-2.46343e-09,0.900871,3.57352,-0.626751,0.19636,3.3537,-7.37512e-08,-0.404259,5.44382,0.695764,0.146245,5.37198,0.695764,-0.19997,5.74054,-9.23767e-08,-0.137,5.12961,-0.695764,-0.19997,5.74054,-4.95392e-09,0.768741,5.90462,-0.695764,0.146245,5.37198,1.36716e-08,0.249003,6.39265,-4.95392e-09,0.768741,5.90462,0.695764,-0.19997,5.74054,0.695764,0.146245,5.37198,1.36716e-08,0.249003,6.39265,-7.37512e-08,-0.404259,5.44382,-0.695764,-0.19997,5.74054,-0.695764,0.146245,5.37198,-9.23767e-08,-0.137,5.12961]},"normal":{"type":"float32","components":3,