{"model":{"version":2,"nodes":[{"name":"RootNode","position":[0,0,0],"rotation":[0,0,0],"scale":[1,1,1]},{"name":"Cube","position":[0,0,0],"rotation":[-90,0,0],"scale":[1,1,1]},{"name":"Lamp","position":[4.07625,5.90386,-1.00545],"rotation":[47.5336,107.221,10.7437],"scale":[1,1,1]},{"name":"Camera","position":[7.48113,5.34367,6.50764],"rotation":[22.7688,142.108,34.3485],"scale":[1,1,1]}],"parents":[-1,0,0,0],"skins":[],"vertices":[{"position":{"type":"float32","components":3,"data":[-1,-1,-1,1,1,-1,1,-1,-1,-1,1,-1,-1,1,1,0.999999,-1,1,1,0.999999,1,-1,-1,1,1,0.999999,1,1,-1,-1,1,1,-1,0.999999,-1,1,0.999999,-1,1,-1,-1,-1,1,-1,-1,-1,-1,1,-1,1,1,-1,-1,-1,-1,-1,1,-1,1,-1,-1,1,1,1,1,-1,-1,1,-1,1,0.999999,1]},"normal":{"type":"float32","components":3,"data":[0,0,-1,0,0,-1,0,0,-1,0,0,-1,2.98023e-08,0,1,2.98023e-08,0,1,2.98023e-08,0,1,2.98023e-08,0,1,1,-2.98023e-07,4.47034e-08,1,-2.98023e-07,4.47034e-08,1,-2.98023e-07,4.47034e-08,1,-2.98023e-07,4.47034e-08,-2.83122e-07,-1,-1.78814e-07,-2.83122e-07,-1,-1.78814e-07,-2.83122e-07,-1,-1.78814e-07,-2.83122e-07,-1,-1.78814e-07,-1,2.38419e-07,-1.3411e-07,-1,2.38419e-07,-1.3411e-07,-1,2.38419e-07,-1.3411e-07,-1,2.38419e-07,-1.3411e-07,2.38419e-07,1,1.63913e-07,2.38419e-07,1,1.63913e-07,2.38419e-07,1,1.63913e-07,2.38419e-07,1,1.63913e-07]},"texCoord0":{"type":"float32","components":2,"data":[0.618945,0.564257,0.576368,0.52168,0.618945,0.52168,0.576368,0.564257,0.00630103,0.996799,0.495249,0.504751,0.495249,0.996799,0.00630076,0.504751,0.998987,0.998987,0.501013,0.501013,0.998987,0.501013,0.501013,0.998987,0.997633,0.997634,0.502366,0.502366,0.997634,0.502366,0.502366,0.997634,0.997827,0.997827,0.502173,0.502173,0.502173,0.997827,0.997828,0.502173,0.503385,0.998162,0.996615,0.503388,0.503385,0.503388,0.996615,0.998162]}}],"meshes":[{"aabb":{"min":[-1,-1,-1],"max":[1,1,1]},"vertices":0,"indices":[0,1,2,1,0,3,4,5,6,5,4,7,8,9,10,9,8,11,12,13,14,13,12,15,16,17,18,17,16,19,20,21,22,21,20,23],"type":"triangles","base":0,"count":36}],"meshInstances":[{"node":1,"mesh":0}]}}