{"model":{"version":2,"nodes":[{"name":"RootNode","position":[0,0,0],"rotation":[0,0,0],"scale":[1,1,1]},{"name":"Icosphere","position":[0,0,0],"rotation":[-90,0,0],"scale":[1,1,1]},{"name":"Lamp","position":[4.07625,5.90386,-1.00545],"rotation":[47.5336,107.221,10.7437],"scale":[1,1,1]},{"name":"Camera","position":[7.48113,5.34367,6.50764],"rotation":[22.7688,142.108,34.3485],"scale":[1,1,1]}],"parents":[-1,0,0,0],"skins":[],"vertices":[{"position":{"type":"float32","components":3,"data":[0,0,-1,0.203181,-0.147618,-0.96795,-0.0776066,-0.238853,-0.96795,0.723607,-0.525725,-0.44722,0.609547,-0.442856,-0.657519,0.812729,-0.295238,-0.502301,-0.251147,0,-0.967949,-0.0776066,0.238853,-0.96795,0.203181,0.147618,-0.96795,0.860698,-0.442858,-0.251151,-0.276388,-0.850649,-0.44722,-0.0296393,-0.864184,-0.502302,-0.155215,-0.955422,-0.251152,-0.894426,0,-0.447216,-0.831051,-0.238853,-0.502299,-0.956626,-0.147618,-0.251149,-0.276388,0.850649,-0.44722,-0.483971,0.716565,-0.502302,-0.436007,0.864188,-0.251152,0.723607,0.525725,-0.44722,0.531941,0.681712,-0.502302,0.687159,0.681715,-0.251152,0.687159,-0.681715,-0.251152,-0.436007,-0.864188,-0.251152,-0.956626,0.147618,-0.251149,-0.155215,0.955422,-0.251152,0.860698,0.442858,-0.251151,0.276388,-0.850649,0.44722,0.483971,-0.716565,0.502302,0.232822,-0.716563,0.657519,-0.723607,-0.525725,0.44722,-0.531941,-0.681712,0.502302,-0.609547,-0.442856,0.657519,-0.723607,0.525725,0.44722,-0.812729,0.295238,0.502301,-0.609547,0.442856,0.657519,0.276388,0.850649,0.44722,0.0296393,0.864184,0.502302,0.232822,0.716563,0.657519,0.894426,0,0.447216,0.831051,0.238853,0.502299,0.753442,0,0.657515,0.251147,0,0.967949,0.0776066,0.238853,0.96795,0,0,1,0.52573,0,0.850652,0.3618,0.262863,0.894429,0.638194,0.262864,0.72361,0.162456,0.499995,0.850654,0.447209,0.525728,0.723612,0.688189,0.499997,0.525736,0.483971,0.716565,0.502302,-0.203181,0.147618,0.96795,-0.138197,0.425319,0.89443,-0.0527896,0.688185,0.723612,-0.425323,0.309011,0.850654,-0.361804,0.587778,0.723612,-0.262869,0.809012,0.525738,-0.531941,0.681712,0.502302,-0.203181,-0.147618,0.96795,-0.44721,0,0.894429,-0.670817,0.162457,0.723611,-0.425323,-0.309011,0.850654,-0.670817,-0.162457,0.723611,-0.850648,0,0.525736,-0.812729,-0.295238,0.502301,0.0776066,-0.238853,0.96795,-0.138197,-0.425319,0.89443,-0.361804,-0.587778,0.723612,0.162456,-0.499995,0.850654,-0.0527896,-0.688185,0.723612,-0.262869,-0.809012,0.525738,0.0296393,-0.864184,0.502302,0.3618,-0.262863,0.894429,0.447209,-0.525728,0.723612,0.638194,-0.262864,0.72361,0.688189,-0.499997,0.525736,0.831051,-0.238853,0.502299,0.956626,0.147618,0.251149,0.951058,0.309013,1.75175e-08,0.861804,0.425322,0.276396,0.809019,0.587782,0,0.670821,0.688189,0.276397,0.587786,0.809017,-1.75176e-08,0.436007,0.864188,0.251152,0.155215,0.955422,0.251152,0,1,1.75176e-08,-0.138199,0.951055,0.276397,-0.309016,0.951057,-4.91972e-07,-0.447215,0.850649,0.276397,-0.587786,0.809017,-1.75176e-08,-0.687159,0.681715,0.251152,-0.860698,0.442858,0.251151,-0.951058,0.309013,1.75175e-08,-0.947213,0.162458,0.276396,-1,-3.60779e-07,6.23164e-07,-0.947213,-0.162458,0.276397,-0.951058,-0.309013,-1.75175e-08,-0.860698,-0.442858,0.251151,-0.687159,-0.681715,0.251152,-0.587786,-0.809017,1.75176e-08,-0.447216,-0.850648,0.276397,-0.309017,-0.951056,-7.87155e-07,-0.138199,-0.951055,0.276397,0,-1,-1.75176e-08,0.155215,-0.955422,0.251152,0.436007,-0.864188,0.251152,0.587786,-0.809017,1.75176e-08,0.67082,-0.68819,0.276396,0.809019,-0.587783,-1.90229e-06,0.861804,-0.425323,0.276394,0.951058,-0.309013,-1.75175e-08,0.956626,-0.147618,0.251149,0.309017,0.951056,-2.61488e-14,0.447216,0.850648,-0.276398,0.138199,0.951055,-0.276398,0.262869,0.809012,-0.525738,-0.0296393,0.864184,-0.502302,-0.809018,0.587783,-7.84465e-14,-0.670819,0.688191,-0.276397,-0.861803,0.425324,-0.276396,-0.688189,0.499997,-0.525736,-0.831051,0.238853,-0.502299,-0.809018,-0.587783,8.03143e-14,-0.861803,-0.425324,-0.276396,-0.670819,-0.688191,-0.276397,-0.688189,-0.499997,-0.525736,-0.483971,-0.716565,-0.502302,0.309017,-0.951056,2.80166e-14,0.138199,-0.951055,-0.276398,0.447216,-0.850648,-0.276398,0.262869,-0.809012,-0.525738,0.531941,-0.681712,-0.502302,1,0,0,0.947213,-0.162458,-0.276396,0.947213,0.162458,-0.276396,0.850648,0,-0.525736,0.812729,0.295238,-0.502301,0.609547,0.442856,-0.657519,0.425323,0.309011,-0.850654,0.361803,0.587779,-0.723612,0.138197,0.425321,-0.894429,0.0527891,0.688186,-0.723611,-0.162456,0.499995,-0.850654,-0.232822,0.716563,-0.657519,-0.447211,0.525727,-0.723612,-0.361801,0.262863,-0.894429,-0.638195,0.262863,-0.723609,-0.52573,0,-0.850652,-0.753442,0,-0.657515,-0.638195,-0.262864,-0.723609,-0.361801,-0.262864,-0.894428,-0.447211,-0.525729,-0.72361,-0.162456,-0.499995,-0.850654,-0.232822,-0.716563,-0.657519,0.670817,0.162457,-0.723611,0.670818,-0.162458,-0.72361,0.447211,-7.37956e-07,-0.894428,0.425323,-0.309011,-0.850654,0.0527904,-0.688185,-0.723612,0.138199,-0.425321,-0.894429,0.361805,-0.587779,-0.723611,0.68951,0.337536,0.50375,0.565702,0.477348,0.977834,0.861189,0.337536,0.814683,0.394023,0.477348,0.666901,0.983584,3.48559e-08,0.747104,0.811904,2.89109e-08,0.436171,0.68951,-0.337536,0.50375,0.861189,-0.337536,0.814683,0.394023,-0.477348,0.666901,0.565702,-0.477348,0.977834,0.0985365,-0.337536,0.830051,0.270216,-0.337536,1.14098,-0.023858,-6.53242e-09,0.89763,0.147821,-5.87397e-10,1.20856,0.746595,0.206634,0.877955,0.821523,3.2896e-08,0.836584,0.270216,0.337536,1.14098,0.0985365,0.337536,0.830051,0.38481,-0.206634,1.07771,0.252236,9.72192e-09,1.01468,0.309882,1.11982e-08,1.11908,0.327164,-0.206634,0.973308,0.565702,-0.292225,0.977834,0.565702,0.292225,0.977834,0.38481,0.206634,1.07771,0.746595,-0.206634,0.877955,0.327164,0.206634,0.973308,0.763877,3.14198e-08,0.73218,0.688949,0.206634,0.773551,0.508057,0.292225,0.87343,0.688949,-0.206634,0.773551,0.508057,-0.292225,0.87343,0.737502,-0.0751098,1.14994,0.855716,-0.0940865,1.3898,0.641806,-0.0751098,1.20242,0.941028,-0.0940865,1.28297,0.566473,0.0396073,0.734728,0.689654,0.0928405,1.17618,0.767074,0.0286892,1.13373,0.45959,0.128172,0.79334,0.689654,0.0928405,1.17618,0.898372,0.116297,1.33639,0.767074,0.0286892,1.13373,0.967391,0.0359377,1.24996,0.767074,0.0286892,1.13373,0.525647,-0.103694,0.757116,0.566473,0.0396073,0.734728,0.737502,-0.0751098,1.14994,0.767074,0.0286892,1.13373,0.941028,-0.0940865,1.28297,0.737502,-0.0751098,1.14994,0.967391,0.0359377,1.24996,0.641806,-0.0751098,1.20242,0.525647,-0.103694,0.757116,0.737502,-0.0751098,1.14994,0.393533,-0.103694,0.829565,0.612234,0.0286892,1.21864,0.829353,0.0359377,1.42282,0.689654,0.0928405,1.17618,0.898372,0.116297,1.33639,0.829353,0.0359377,1.42282,0.941028,-0.0940865,1.28297,0.967391,0.0359377,1.24996,0.855716,-0.0940865,1.3898,0.898372,0.116297,1.33639,0.352707,0.0396073,0.851953,0.641806,-0.0751098,1.20242,0.612234,0.0286892,1.21864,0.393533,-0.103694,0.829565,0.641806,-0.0751098,1.20242,0.829353,0.0359377,1.42282,0.612234,0.0286892,1.21864,0.855716,-0.0940865,1.3898,0.45959,0.128172,0.79334,0.612234,0.0286892,1.21864,0.689654,0.0928405,1.17618,0.352707,0.0396073,0.851953,0.393533,-0.103694,0.829565,0.566473,0.0396073,0.734728,0.525647,-0.103694,0.757116,0.352707,0.0396073,0.851953,0.45959,0.128172,0.79334]},"normal":{"type":"float32","components":3,