{"model":{"version":2,"nodes":[{"name":"RootNode","position":[0,0,0],"rotation":[0,0,0],"scale":[1,1,1]},{"name":"Cube","position":[0,0,0],"rotation":[-90,0,0],"scale":[1,1,1]},{"name":"Lamp","position":[4.07625,5.90386,-1.00545],"rotation":[47.5336,107.221,10.7437],"scale":[1,1,1]},{"name":"Camera","position":[7.48113,5.34367,6.50764],"rotation":[22.7688,142.108,34.3485],"scale":[1,1,1]}],"parents":[-1,0,0,0],"skins":[],"vertices":[{"position":{"type":"float32","components":3,"data":[0,-0.510555,-1.37954,-1.9991,-2.02147,-1.57974,-2.72716,-0.510555,-1.37954,-0.428197,-2.3675,-1.35371,-1,-1,1,-0.49219,0.298578,0.953301,-1.37954,0.00831628,1.37954,-0.579223,-1.26031,0.798145,1.28287,-1.17454,0.208965,2.72716,-0.510555,-1.37954,1.5426,0.274255,0.586035,1.97686,-1.97686,-1,-0.579223,-1.26031,0.798145,-1.9991,-2.02147,-1.57974,-0.428197,-2.3675,-1.35371,-1,-1,1,-2.72716,-0.510555,-1.37954,-1.14073,0.666412,1.094,-1.7907,1.56655,-1.37323,-1.37954,0.00831628,1.37954,-1.14073,0.666412,1.094,3.57628e-07,2.42408,-1,-1.7907,1.56655,-1.37323,-0.369404,1.02912,0.950779,-2.72716,-0.510555,-1.37954,-1,-1,1,-1.37954,0.00831628,1.37954,-1.9991,-2.02147,-1.57974,1.97686,1.97686,-1,1.5426,0.274255,0.586035,2.72716,-0.510555,-1.37954,1,0.999999,1,-1.14073,0.666412,1.094,-0.49219,0.298578,0.953301,-0.369404,1.02912,0.950779,-1.37954,0.00831628,1.37954,0,-0.510555,-1.37954,-1.7907,1.56655,-1.37323,3.57628e-07,2.42408,-1,-2.72716,-0.510555,-1.37954,1.57458,-0.697777,-1.87318,3.57628e-07,2.42408,-1,1.05883,3.02923,-1.3514,0,-0.510555,-1.37954,-0.49219,0.298578,0.953301,0.303882,1.16323,1.42691,-0.369404,1.02912,0.950779,0.875873,0.257652,1.24444,3.57628e-07,2.42408,-1,-0.369404,1.02912,0.950779,0.303882,1.16323,1.42691,1.05883,3.02923,-1.3514,-0.428197,-2.3675,-1.35371,0.247171,-1.17365,0.510361,-0.579223,-1.26031,0.798145,0.7645,-2.98211,-1.59453,-0.49219,0.298578,0.953301,0.247171,-1.17365,0.510361,0.875873,0.257652,1.24444,-0.579223,-1.26031,0.798145,1.57458,-0.697777,-1.87318,-0.428197,-2.3675,-1.35371,0,-0.510555,-1.37954,0.7645,-2.98211,-1.59453,0.7645,-2.98211,-1.59453,1.57458,-0.697777,-1.87318,1.97686,-1.97686,-1,2.72716,-0.510555,-1.37954,0.875873,0.257652,1.24444,1.28287,-1.17454,0.208965,1.5426,0.274255,0.586035,0.247171,-1.17365,0.510361,0.7645,-2.98211,-1.59453,1.28287,-1.17454,0.208965,0.247171,-1.17365,0.510361,1.97686,-1.97686,-1,1.05883,3.02923,-1.3514,0.303882,1.16323,1.42691,1,0.999999,1,1.97686,1.97686,-1,0.303882,1.16323,1.42691,0.875873,0.257652,1.24444,1,0.999999,1,1.5426,0.274255,0.586035,1.57458,-0.697777,-1.87318,1.97686,1.97686,-1,2.72716,-0.510555,-1.37954,1.05883,3.02923,-1.3514]},"normal":{"type":"float32","components":3,"data":[0.0569803,0.0566785,-0.996765,0.0569803,0.0566785,-0.996765,0.0569803,0.0566785,-0.996765,0.0569803,0.0566785,-0.996765,0.431322,-0.136599,0.891797,0.431322,-0.136599,0.891797,0.431322,-0.136599,0.891797,0.431322,-0.136599,0.891797,0.765996,-0.264908,0.585726,0.765996,-0.264908,0.585726,0.765996,-0.264908,0.585726,0.765996,-0.264908,0.585726,-0.267095,-0.860016,0.434778,-0.267095,-0.860016,0.434778,-0.267095,-0.860016,0.434778,-0.267095,-0.860016,0.434778,-0.84618,0.399588,0.352576,-0.84618,0.399588,0.352576,-0.84618,0.399588,0.352576,-0.84618,0.399588,0.352576,-0.418098,0.794985,0.439536,-0.418098,0.794985,0.439536,-0.418098,0.794985,0.439536,-0.418098,0.794985,0.439536,-0.766147,-0.443811,0.464812,-0.766147,-0.443811,0.464812,-0.766147,-0.443811,0.464812,-0.766147,-0.443811,0.464812,0.850878,0.225151,0.474672,0.850878,0.225151,0.474672,0.850878,0.225151,0.474672,0.850878,0.225151,0.474672,0.277688,0.125275,0.952468,0.277688,0.125275,0.952468,0.277688,0.125275,0.952468,0.277688,0.125275,0.952468,0.0701827,0.0635308,-0.995509,0.0701827,0.0635308,-0.995509,0.0701827,0.0635308,-0.995509,0.0701827,0.0635308,-0.995509,-0.318682,0.102817,-0.942269,-0.318682,0.102817,-0.942269,-0.318682,0.102817,-0.942269,-0.318682,0.102817,-0.942269,-0.337381,-0.193947,0.921172,-0.337381,-0.193947,0.921172,-0.337381,-0.193947,0.921172,-0.337381,-0.193947,0.921172,-0.375802,0.802257,0.463851,-0.375802,0.802257,0.463851,-0.375802,0.802257,0.463851,-0.375802,0.802257,0.463851,-0.0709505,-0.828104,0.556066,-0.0709505,-0.828104,0.556066,-0.0709505,-0.828104,0.556066,-0.0709505,-0.828104,0.556066,0.00449903,-0.286032,0.95821,0.00449903,-0.286032,0.95821,0.00449903,-0.286032,0.95821,0.00449903,-0.286032,0.95821,-0.255118,0.00519366,-0.966896,-0.255118,0.00519366,-0.966896,-0.255118,0.00519366,-0.966896,-0.255118,0.00519366,-0.966896,0.532844,-0.356369,-0.767514,0.532844,-0.356369,-0.767514,0.532844,-0.356369,-0.767514,0.532844,-0.356369,-0.767514,0.444449,-0.438472,0.781158,0.444449,-0.438472,0.781158,0.444449,-0.438472,0.781158,0.444449,-0.438472,0.781158,0.236248,-0.719432,0.65315,0.236248,-0.719432,0.65315,0.236248,-0.719432,0.65315,0.236248,-0.719432,0.65315,0.511662,0.644087,0.568642,0.511662,0.644087,0.568642,0.511662,0.644087,0.568642,0.511662,0.644087,0.568642,0.625805,0.147549,0.765897,0.625805,0.147549,0.765897,0.625805,0.147549,0.765897,0.625805,0.147549,0.765897,0.445129,0.216701,-0.86885,0.445129,0.216701,-0.86885,0.445129,0.216701,-0.86885,0.445129,0.216701,-0.86885]}}],"meshes":[{"aabb":{"min":[-2.72716,-2.98211,-1.87318],"max":[2.72716,3.02923,1.42691]},"vertices":0,"indices":[0,1,2,1,0,3,8,9,10,9,8,11,12,13,14,13,12,15,16,17,18,17,16,19,20,21,22,21,20,23,24,25,26,25,24,27,28,29,30,29,28,31,36,37,38,37,36,39,40,41,42,41,40,43,48,49,50,50,51,48,52,53,54,53,52,55,60,61,62,61,60,63,64,65,66,67,66,65,72,73,74,73,72,75,76,77,78,76,78,79,84,85,86,84,87,85],"type":"triangles","base":0,"count":96},{"aabb":{"min":[-2.72716,-2.98211,-1.87318],"max":[2.72716,3.02923,1.42691]},"vertices":0,"indices":[4,5,6,7,5,4,32,33,34,33,32,35,44,45,46,45,44,47,56,57,58,57,56,59,68,69,70,69,68,71,80,81,82,82,81,83],"type":"triangles","base":0,"count":36}],"meshInstances":[{"node":1,"mesh":0},{"node":1,"mesh":1}]}}