{"model":{"version":2,"nodes":[{"name":"RootNode","position":[0,0,0],"rotation":[0,0,0],"scale":[1,1,1]},{"name":"Cube","position":[0,0,0],"rotation":[-90,0,0],"scale":[1,1,1]},{"name":"Lamp","position":[4.07625,5.90386,-1.00545],"rotation":[47.5336,107.221,10.7437],"scale":[1,1,1]},{"name":"Camera","position":[7.48113,5.34367,6.50764],"rotation":[22.7688,142.108,34.3485],"scale":[1,1,1]}],"parents":[-1,0,0,0],"skins":[],"vertices":[{"position":{"type":"float32","components":3,"data":[0,-0.510555,-1.37954,-1.9991,-2.02147,-1.57974,-2.72716,-0.510555,-1.37954,-0.428197,-2.3675,-1.35371,-1,-1,1,-0.0254647,0.377261,0.985272,-1.37954,0.00831628,1.37954,-5.36442e-07,-1,1,0.999999,-1,1,2.72716,-0.510555,-1.37954,1.37954,0.00831521,1.37954,1.97686,-1.97686,-1,-1,-1,1,-0.428197,-2.3675,-1.35371,-5.36442e-07,-1,1,-1.9991,-2.02147,-1.57974,-2.72716,-0.510555,-1.37954,-1.37234,1.13124,1.12789,-2.02232,2.03138,-1.33934,-1.37954,0.00831628,1.37954,3.57628e-07,2.42408,-1,-1.37234,1.13124,1.12789,2.38419e-07,1.44722,1,-2.02232,2.03138,-1.33934,-2.72716,-0.510555,-1.37954,-1,-1,1,-1.37954,0.00831628,1.37954,-1.9991,-2.02147,-1.57974,2.72716,-0.510555,-1.37954,1,0.999999,1,1.37954,0.00831521,1.37954,1.97686,1.97686,-1,-1.37234,1.13124,1.12789,-0.0254647,0.377261,0.985272,2.38419e-07,1.44722,1,-1.37954,0.00831628,1.37954,0,-0.510555,-1.37954,-2.02232,2.03138,-1.33934,3.57628e-07,2.42408,-1,-2.72716,-0.510555,-1.37954,0,-0.510555,-1.37954,1.97686,1.97686,-1,2.72716,-0.510555,-1.37954,3.57628e-07,2.42408,-1,2.38419e-07,1.44722,1,-0.0254647,0.377261,0.985272,1,0.999999,1,1.37954,0.00831521,1.37954,3.57628e-07,2.42408,-1,2.38419e-07,1.44722,1,1,0.999999,1,1.97686,1.97686,-1,-0.428197,-2.3675,-1.35371,0.999999,-1,1,-5.36442e-07,-1,1,1.97686,-1.97686,-1,-0.0254647,0.377261,0.985272,0.999999,-1,1,1.37954,0.00831521,1.37954,-5.36442e-07,-1,1,0,-0.510555,-1.37954,1.97686,-1.97686,-1,-0.428197,-2.3675,-1.35371,2.72716,-0.510555,-1.37954]},"normal":{"type":"float32","components":3,"data":[0.0569803,0.0566785,-0.996765,0.0569803,0.0566785,-0.996765,0.0569803,0.0566785,-0.996765,0.0569803,0.0566785,-0.996765,0.18204,-0.118371,0.97614,0.18204,-0.118371,0.97614,0.18204,-0.118371,0.97614,0.18204,-0.118371,0.97614,0.788651,-0.360079,0.49837,0.788651,-0.360079,0.49837,0.788651,-0.360079,0.49837,0.788651,-0.360079,0.49837,-0.158153,-0.869981,0.467034,-0.158153,-0.869981,0.467034,-0.158153,-0.869981,0.467034,-0.158153,-0.869981,0.467034,-0.910726,0.197862,0.362531,-0.910726,0.197862,0.362531,-0.910726,0.197862,0.362531,-0.910726,0.197862,0.362531,-0.210969,0.889836,0.404578,-0.210969,0.889836,0.404578,-0.210969,0.889836,0.404578,-0.210969,0.889836,0.404578,-0.766147,-0.443811,0.464812,-0.766147,-0.443811,0.464812,-0.766147,-0.443811,0.464812,-0.766147,-0.443811,0.464812,0.852637,0.276897,0.4431,0.852637,0.276897,0.4431,0.852637,0.276897,0.4431,0.852637,0.276897,0.4431,0.161919,0.103614,0.981349,0.161919,0.103614,0.981349,0.161919,0.103614,0.981349,0.161919,0.103614,0.981349,0.0655167,0.0678709,-0.995541,0.0655167,0.0678709,-0.995541,0.0655167,0.0678709,-0.995541,0.0655167,0.0678709,-0.995541,0.0133528,0.140448,-0.989998,0.0133528,0.140448,-0.989998,0.0133528,0.140448,-0.989998,0.0133528,0.140448,-0.989998,-0.108323,0.155153,0.981934,-0.108323,0.155153,0.981934,-0.108323,0.155153,0.981934,-0.108323,0.155153,0.981934,0.253407,0.843376,0.473816,0.253407,0.843376,0.473816,0.253407,0.843376,0.473816,0.253407,0.843376,0.473816,0.0508683,-0.876637,0.478455,0.0508683,-0.876637,0.478455,0.0508683,-0.876637,0.478455,0.0508683,-0.876637,0.478455,-0.178863,-0.122736,0.976188,-0.178863,-0.122736,0.976188,-0.178863,-0.122736,0.976188,-0.178863,-0.122736,0.976188,0.0792293,-0.148341,-0.985757,0.0792293,-0.148341,-0.985757,0.0792293,-0.148341,-0.985757,0.0792293,-0.148341,-0.985757]}}],"meshes":[{"aabb":{"min":[-2.72716,-2.3675,-1.57974],"max":[2.72716,2.42408,1.37954]},"vertices":0,"indices":[0,1,2,1,0,3,8,9,10,9,8,11,12,13,14,13,12,15,16,17,18,17,16,19,20,21,22,21,20,23,24,25,26,25,24,27,28,29,30,29,28,31,36,37,38,37,36,39,40,41,42,41,40,43,48,49,50,50,51,48,52,53,54,53,52,55,60,61,62,61,60,63],"type":"triangles","base":0,"count":72},{"aabb":{"min":[-2.72716,-2.3675,-1.57974],"max":[2.72716,2.42408,1.37954]},"vertices":0,"indices":[4,5,6,5,4,7,32,33,34,33,32,35,44,45,46,46,45,47,56,57,58,57,56,59],"type":"triangles","base":0,"count":24}],"meshInstances":[{"node":1,"mesh":0},{"node":1,"mesh":1}]}}