{"model":{"version":2,"nodes":[{"name":"RootNode","position":[0,0,0],"rotation":[0,0,0],"scale":[1,1,1]},{"name":"Cylinder.001","position":[0.354486,2.23251,2.99957e-07],"rotation":[-90,3.54475e-06,-23.7478],"scale":[1,1,1]},{"name":"Lamp","position":[4.07625,5.90386,-1.00545],"rotation":[47.5336,107.221,10.7437],"scale":[1,1,1]},{"name":"Camera","position":[7.48113,5.34367,6.50764],"rotation":[22.7688,142.108,34.3485],"scale":[1,1,1]}],"parents":[-1,0,0,0],"skins":[],"vertices":[{"position":{"type":"float32","components":3,"data":[0.0863132,6.38777,8.65548,0.333041,0.458391,-1,3.84095,5.16782,8.65548,1.29162e-08,0.566603,-1,0.538871,0.17509,-1,6.16145,1.97393,8.65548,0.333041,0.458391,-1,3.84095,5.16782,8.65548,6.16145,1.97393,8.65548,0.538871,-0.17509,-1,6.16145,-1.97393,8.65548,0.538871,0.17509,-1,6.16145,-1.97393,8.65548,0.333041,-0.458391,-1,3.84095,-5.16782,8.65548,0.538871,-0.17509,-1,3.84095,-5.16782,8.65548,0.333041,-0.458391,-1,0.0863126,-6.38778,8.65548,-3.66178e-08,-0.566603,-1,0.0863126,-6.38778,8.65548,-0.333041,-0.458391,-1,-3.66833,-5.16782,8.65548,-3.66178e-08,-0.566603,-1,-0.538871,-0.17509,-1,-5.98882,-1.97393,8.65548,-0.333041,-0.458391,-1,-3.66833,-5.16782,8.65548,-5.98882,-1.97393,8.65548,-0.538871,-0.17509,-1,-5.98882,1.97393,8.65548,-0.538871,0.17509,-1,-5.98882,1.97393,8.65548,-0.333041,0.458392,-1,-3.66833,5.16782,8.65548,-0.538871,0.17509,-1,-3.66833,5.16782,8.65548,-0.333041,0.458392,-1,0.0863132,6.38777,8.65548,1.29162e-08,0.566603,-1]},"normal":{"type":"float32","components":3,"data":[-0.267756,-0.82407,0.499215,-0.267756,-0.82407,0.499215,-0.267756,-0.82407,0.499215,-0.267756,-0.82407,0.499215,-0.699639,-0.508317,0.502114,-0.699639,-0.508317,0.502114,-0.699639,-0.508317,0.502114,-0.699639,-0.508317,0.502114,-0.86416,0,0.503217,-0.86416,0,0.503217,-0.86416,0,0.503217,-0.86416,0,0.503217,-0.699639,0.508317,0.502114,-0.699639,0.508317,0.502114,-0.699639,0.508317,0.502114,-0.699639,0.508317,0.502114,-0.267756,0.82407,0.499215,-0.267756,0.82407,0.499215,-0.267756,0.82407,0.499215,-0.267756,0.82407,0.499215,0.268396,0.826036,0.495608,0.268396,0.826036,0.495608,0.268396,0.826036,0.495608,0.268396,0.826036,0.495608,0.704019,0.5115,0.492671,0.704019,0.5115,0.492671,0.704019,0.5115,0.492671,0.704019,0.5115,0.492671,0.870852,0,0.491545,0.870852,0,0.491545,0.870852,0,0.491545,0.870852,0,0.491545,0.704019,-0.5115,0.492671,0.704019,-0.5115,0.492671,0.704019,-0.5115,0.492671,0.704019,-0.5115,0.492671,0.268395,-0.826037,0.495608,0.268395,-0.826037,0.495608,0.268395,-0.826037,0.495608,0.268395,-0.826037,0.495608]},"texCoord0":{"type":"float32","components":2,"data":[0.497129,0.975084,0.499078,0.0110316,0.796171,0.974795,0.472552,0.0110573,0.515471,0.0110158,0.98099,0.974617,0.499078,0.0110316,0.796171,0.974795,0.98099,0.974617,0.515471,0.0110158,0.98099,0.974617,0.515471,0.0110158,0.98099,0.974617,0.499078,0.0110316,0.796171,0.974795,0.515471,0.0110158,0.796171,0.974795,0.499078,0.0110316,0.497129,0.975084,0.472552,0.0110573,0.497129,0.975084,0.446027,0.0110826,0.198087,0.975373,0.472552,0.0110573,0.429633,0.0110987,0.0132683,0.975551,0.446027,0.0110826,0.198087,0.975373,0.0132683,0.975551,0.429633,0.0110987,0.0132683,0.975551,0.429633,0.0110987,0.0132683,0.975551,0.446027,0.0110826,0.198087,0.975373,0.429633,0.0110987,0.198087,0.975373,0.446027,0.0110826,0.497129,0.975084,0.472552,0.0110573]}}],"meshes":[{"aabb":{"min":[-5.98882,-6.38778,-1],"max":[6.16145,6.38777,8.65548]},"vertices":0,"indices":[0,1,2,1,0,3,4,5,6,7,6,5,8,9,10,9,8,11,12,13,14,13,12,15,16,17,18,18,17,19,20,21,22,21,20,23,24,25,26,27,26,25,28,29,30,30,29,31,32,33,34,33,32,35,36,37,38,38,37,39],"type":"triangles","base":0,"count":60}],"meshInstances":[{"node":1,"mesh":0}]}}