{"model":{"version":2,"nodes":[{"name":"RootNode","position":[0,0,0],"rotation":[0,0,0],"scale":[1,1,1]},{"name":"Cube","position":[0,0,0],"rotation":[-90,0,0],"scale":[1,1,1]},{"name":"Lamp","position":[4.07625,5.90386,-1.00545],"rotation":[47.5336,107.221,10.7437],"scale":[1,1,1]},{"name":"Camera","position":[7.48113,5.34367,6.50764],"rotation":[22.7688,142.108,34.3485],"scale":[1,1,1]}],"parents":[-1,0,0,0],"skins":[],"vertices":[{"position":{"type":"float32","components":3,"data":[-0.706,1,0.706,0.706,1,-0.706,-0.706,1,-0.706,0.706,1,0.706,0.705999,-1,0.706,-0.706,-1,-0.706,0.706,-1,-0.706,-0.706,-1,0.706,-1,0.706,0.706,-1,-0.706,-0.706,-1,-0.706,0.706,-1,0.706,-0.706,-0.706,0.706,1,0.706,-0.706,1,0.706,0.706,1,-0.706,-0.706,1,1,0.706,0.706,1,-0.706,-0.706,1,0.706,-0.706,1,-0.706001,0.706,1,0.706,-0.706,0.706,0.706,-1,0.706,1,-0.706,1,-0.706,-0.706,0.706,-1,-0.706,0.706,-0.706,-1,-0.706,-1,-0.706,-1,-0.706,-0.706,-0.706,-0.706,-1,-0.706,1,-0.706,-0.706,0.706,-1,-1,0.706,-0.706,0.706,1,0.706,0.706,0.706,1,1,0.706,0.706,0.705999,-1,0.706,1,-0.706001,0.706,0.706,-0.706,1,-1,-0.706,0.706,-0.706,-1,0.706,-0.706,-0.706,1,-1,0.706,0.706,-0.706,0.706,1,-0.706,1,0.706,0.706,-0.706,-1,1,0.706,-0.706,1,-0.706,-0.706,0.706,0.706,-1,-0.706,1,-0.706,0.706,1,-0.706,0.706,0.706,-1,-0.706,0.706,-1,0.706,1,0.706,1,0.706,-0.706,0.706,1,-0.706,1,0.706,0.706,-0.706,-0.706,-1,0.706,-1,-0.706,-0.706,-1,-0.706,0.706,-0.706,-1,1,-0.706001,0.706,0.706,-1,-0.706,1,-0.706,-0.706,0.705999,-1,0.706,-0.706,-0.706,-1,-1,0.706,-0.706,-0.706,0.706,-1,-1,-0.706,-0.706,-0.706,-1,0.706,-1,-0.706,-0.706,-0.706,-1,-0.706,-1,-0.706,0.706,-0.706,1,0.706,-1,0.706,-0.706,-1,0.706,0.706,-0.706,1,-0.706,0.706,-0.706,1,1,0.706,0.706,0.706,0.706,1,1,-0.706001,0.706,0.706,1,0.706,-0.706,1,0.706,-0.706,0.706,1,0.706,0.706,1,-0.706,-0.706,1,0.705999,-1,0.706,0.706,-0.706,1,-0.706,-1,0.706,-0.706,0.706,1,-1,-0.706,0.706,-0.706,-0.706,1,-1,0.706,0.706,-0.706,-0.706,-1,0.706,0.706,-1,0.706,-0.706,-1,-0.706,0.706,-1]},"normal":{"type":"float32","components":3,"data":[2.32171e-07,1,2.09271e-07,2.32171e-07,1,2.09271e-07,2.32171e-07,1,2.09271e-07,2.32171e-07,1,2.09271e-07,-3.16597e-07,-1,-1.42554e-14,-3.16597e-07,-1,-1.42554e-14,-3.16597e-07,-1,-1.42554e-14,-3.16597e-07,-1,-1.42554e-14,-1,2.39167e-07,-1.89958e-07,-1,2.39167e-07,-1.89958e-07,-1,2.39167e-07,-1.89958e-07,-1,2.39167e-07,-1.89958e-07,5.97917e-08,0,1,5.97917e-08,0,1,5.97917e-08,0,1,5.97917e-08,0,1,1,-3.5875e-07,4.22128e-08,1,-3.5875e-07,4.22128e-08,1,-3.5875e-07,4.22128e-08,1,-3.5875e-07,4.22128e-08,0.57735,0.57735,-0.57735,0.57735,0.57735,-0.57735,0.57735,0.57735,-0.57735,0.57735,-0.57735,-0.57735,0.57735,-0.57735,-0.57735,0.57735,-0.57735,-0.57735,-0.577351,-0.57735,-0.57735,-0.577351,-0.57735,-0.57735,-0.577351,-0.57735,-0.57735,-0.57735,0.57735,-0.57735,-0.57735,0.57735,-0.57735,-0.57735,0.57735,-0.57735,0.57735,0.57735,0.57735,0.57735,0.57735,0.57735,0.57735,0.57735,0.57735,0.57735,-0.57735,0.57735,0.57735,-0.57735,0.57735,0.57735,-0.57735,0.57735,-0.57735,-0.57735,0.57735,-0.57735,-0.57735,0.57735,-0.57735,-0.57735,0.57735,-0.57735,0.57735,0.57735,-0.57735,0.57735,0.57735,-0.57735,0.57735,0.57735,0.707107,-5.07637e-08,-0.707107,0.707107,-5.07637e-08,-0.707107,0.707107,-5.07637e-08,-0.707107,0.707107,-5.07637e-08,-0.707107,1.49245e-07,0.707107,-0.707107,1.49245e-07,0.707107,-0.707107,1.49245e-07,0.707107,-0.707107,1.49245e-07,0.707107,-0.707107,0.707107,0.707107,4.18292e-08,0.707107,0.707107,4.18292e-08,0.707107,0.707107,4.18292e-08,0.707107,0.707107,4.18292e-08,-1.01527e-07,-0.707107,-0.707107,-1.01527e-07,-0.707107,-0.707107,-1.01527e-07,-0.707107,-0.707107,-1.01527e-07,-0.707107,-0.707107,0.707107,-0.707107,-5.07635e-08,0.707107,-0.707107,-5.07635e-08,0.707107,-0.707107,-5.07635e-08,0.707107,-0.707107,-5.07635e-08,-0.707107,2.03055e-07,-0.707107,-0.707107,2.03055e-07,-0.707107,-0.707107,2.03055e-07,-0.707107,-0.707107,2.03055e-07,-0.707107,-0.707107,-0.707107,-7.75671e-08,-0.707107,-0.707107,-7.75671e-08,-0.707107,-0.707107,-7.75671e-08,-0.707107,-0.707107,-7.75671e-08,-0.707107,0.707107,-4.8412e-14,-0.707107,0.707107,-4.8412e-14,-0.707107,0.707107,-4.8412e-14,-0.707107,0.707107,-4.8412e-14,0.707107,-3.55346e-07,0.707107,0.707107,-3.55346e-07,0.707107,0.707107,-3.55346e-07,0.707107,0.707107,-3.55346e-07,0.707107,2.03055e-07,0.707107,0.707107,2.03055e-07,0.707107,0.707107,2.03055e-07,0.707107,0.707107,2.03055e-07,0.707107,0.707107,-3.49254e-07,-0.707107,0.707107,-3.49254e-07,-0.707107,0.707107,-3.49254e-07,-0.707107,0.707107,-3.49254e-07,-0.707107,0.707107,-0.707107,1.52291e-07,0.707107,-0.707107,1.52291e-07,0.707107,-0.707107,1.52291e-07,0.707107,-0.707107,1.52291e-07,0.707107,5.97917e-08,0,-1,5.97917e-08,0,-1,5.97917e-08,0,-1,5.97917e-08,0,-1]},"texCoord0":{"type":"float32","components":2,"data":[0.147,0.853,0.853,0.147,0.147,0.147,0.853,0.853,0.853,0.853,0.147,0.147,0.853,0.147,0.147,0.853,0.853,0.853,0.147,0.147,0.147,0.853,0.853,0.147,0.147,0.853,0.853,0.147,0.853,0.853,0.147,0.147,0.853,0.853,0.147,0.147,0.853,0.147,0.147,0.853,0,0.147,-0.147,0,-0.147,0.147,1,0.147,0.853,-5.96046e-08,0.853,0.147,8.9407e-08,0.147,0.147,0.147,0.147,0,0.147,0.147,0.147,0,1.19209e-07,0.147,1,0.853,0.853,1,0.853,0.853,0.853,0.853,1,0.853,0.853,1,0.147,0.853,1.19209e-07,0.853,0.147,1,2.98023e-08,0.853,0.147,0.853,0.147,1,-0.147,0.147,0,0.853,-5.96046e-08,0.147,-0.147,0.853,0.147,0.147,0.853,0.147,0.853,0,0.147,0,-2.38419e-07,0.853,-0.147,0.147,0,0.147,-0.147,0.853,0.147,1.147,0.853,1,0.147,1,0.853,1.147,1,0.853,0.853,0.147,1,0.147,0.853,0.853,0.147,0.147,1.19209e-07,0.853,0.147,0.853,0,0.147,1.19209e-07,0.853,0.147,0.147,8.9407e-08,0.147,0.147,0.853,0.147,0.853,1.19209e-07,0.147,2.98023e-08,0.853,0.147,0.147,0.147,0,0.853,-0.147,0.853,0,0.147,-0.147,0.853,1,0.147,1,0.147,0.853,0.853,0.853,0.147,0,0.853,-0.147,0.853,0,0.147,-0.147,0.853,0,0.147,-0.147,0.147,0,0.853,-0.147,0.147,0.147,0.853,0.853,0.853,0.147,0.147,0.853]}}],"meshes":[{"aabb":{"min":[-1,-1,-1],"max":[1,1,1]},"vertices":0,"indices":[0,1,2,1,0,3,4,5,6,5,4,7,8,9,10,9,8,11,12,13,14,13,12,15,16,17,18,17,16,19,20,21,22,23,24,25,26,27,28,29,30,31,32,33,34,35,36,37,38,39,40,41,42,43,44,45,46,45,44,47,48,49,50,48,50,51,52,53,54,53,52,55,56,57,58,57,56,59,60,61,62,61,60,63,64,65,66,65,64,67,68,69,70,69,68,71,72,73,74,73,72,75,76,77,78,77,76,79,80,81,82,80,82,83,84,85,86,85,84,87,88,89,90,89,88,91,92,93,94,93,92,95],"type":"triangles","base":0,"count":132}],"meshInstances":[{"node":1,"mesh":0}]}}