{"model":{"version":2,"nodes":[{"name":"RootNode","position":[0,0,0],"rotation":[0,0,0],"scale":[1,1,1]},{"name":"Cylinder","position":[0,0,0],"rotation":[-90,0,0],"scale":[7.95967,7.95967,7.95967]},{"name":"Lamp","position":[4.07625,5.90386,-1.00545],"rotation":[47.5336,107.221,10.7437],"scale":[1,1,1]},{"name":"Camera","position":[7.48113,5.34367,6.50764],"rotation":[22.7688,142.108,34.3485],"scale":[1,1,1]}],"parents":[-1,0,0,0],"skins":[],"vertices":[{"position":{"type":"float32","components":3,"data":[6.6408e-08,1.96846,1,0.34202,0.939693,-1,0.673252,1.84974,1,0,1,-1,0.673252,1.84974,1,0.642788,0.766044,-1,1.2653,1.50793,1,0.34202,0.939693,-1,0.866025,0.5,-1,1.70473,0.984228,1,0.642788,0.766044,-1,1.2653,1.50793,1,1.70473,0.984228,1,0.866025,0.5,-1,1.93855,0.341819,1,0.984808,0.173648,-1,1.93855,0.341819,1,0.984808,0.173648,-1,1.93855,-0.341819,1,0.984808,-0.173648,-1,1.93855,-0.341819,1,0.866025,-0.5,-1,1.70473,-0.984228,1,0.984808,-0.173648,-1,1.70473,-0.984228,1,0.642788,-0.766044,-1,1.2653,-1.50793,1,0.866025,-0.5,-1,1.2653,-1.50793,1,0.642788,-0.766044,-1,0.673252,-1.84974,1,0.34202,-0.939693,-1,0.673252,-1.84974,1,0.34202,-0.939693,-1,3.63637e-07,-1.96846,1,1.50996e-07,-1,-1,3.63637e-07,-1.96846,1,-0.34202,-0.939693,-1,-0.673251,-1.84974,1,1.50996e-07,-1,-1,-0.673251,-1.84974,1,-0.642787,-0.766045,-1,-1.2653,-1.50793,1,-0.34202,-0.939693,-1,-0.866025,-0.5,-1,-1.70473,-0.984229,1,-0.642787,-0.766045,-1,-1.2653,-1.50793,1,-1.70473,-0.984229,1,-0.866025,-0.5,-1,-1.93855,-0.34182,1,-0.984808,-0.173649,-1,-1.93855,-0.34182,1,-0.984808,-0.173649,-1,-1.93855,0.341818,1,-0.984808,0.173648,-1,-1.93855,0.341818,1,-0.866026,0.499999,-1,-1.70473,0.984227,1,-0.984808,0.173648,-1,-1.70473,0.984227,1,-0.642788,0.766044,-1,-1.2653,1.50792,1,-0.866026,0.499999,-1,-1.2653,1.50792,1,-0.642788,0.766044,-1,-0.673253,1.84974,1,-0.342021,0.939692,-1,-0.673253,1.84974,1,-0.342021,0.939692,-1,6.6408e-08,1.96846,1,0,1,-1,-0.866026,0.499999,-1,-0.342021,0.939692,-1,-0.642788,0.766044,-1,0.642788,-0.766044,-1,-0.34202,-0.939693,-1,1.50996e-07,-1,-1,0,1,-1,0.34202,0.939693,-1,-0.866025,-0.5,-1,0.984808,-0.173648,-1,0.34202,-0.939693,-1,-0.984808,-0.173649,-1,-0.984808,0.173648,-1,-0.642787,-0.766045,-1,0.866025,-0.5,-1,0.866025,0.5,-1,0.984808,0.173648,-1,0.642788,0.766044,-1]},"normal":{"type":"float32","components":3,"data":[-0.156739,-0.888909,0.430435,-0.156739,-0.888909,0.430435,-0.156739,-0.888909,0.430435,-0.156739,-0.888909,0.430435,-0.451311,-0.781693,0.430435,-0.451311,-0.781693,0.430435,-0.451311,-0.781693,0.430435,-0.451311,-0.781693,0.430435,-0.691448,-0.580194,0.430435,-0.691448,-0.580194,0.430435,-0.691448,-0.580194,0.430435,-0.691448,-0.580194,0.430435,-0.848187,-0.308715,0.430435,-0.848187,-0.308715,0.430435,-0.848187,-0.308715,0.430435,-0.848187,-0.308715,0.430435,-0.902622,2.08744e-07,0.430435,-0.902622,2.08744e-07,0.430435,-0.902622,2.08744e-07,0.430435,-0.902622,2.08744e-07,0.430435,-0.848187,0.308715,0.430435,-0.848187,0.308715,0.430435,-0.848187,0.308715,0.430435,-0.848187,0.308715,0.430435,-0.691448,0.580194,0.430435,-0.691448,0.580194,0.430435,-0.691448,0.580194,0.430435,-0.691448,0.580194,0.430435,-0.451311,0.781693,0.430435,-0.451311,0.781693,0.430435,-0.451311,0.781693,0.430435,-0.451311,0.781693,0.430435,-0.156739,0.888909,0.430435,-0.156739,0.888909,0.430435,-0.156739,0.888909,0.430435,-0.156739,0.888909,0.430435,0.156738,0.888909,0.430435,0.156738,0.888909,0.430435,0.156738,0.888909,0.430435,0.156738,0.888909,0.430435,0.451311,0.781693,0.430435,0.451311,0.781693,0.430435,0.451311,0.781693,0.430435,0.451311,0.781693,0.430435,0.691448,0.580194,0.430435,0.691448,0.580194,0.430435,0.691448,0.580194,0.430435,0.691448,0.580194,0.430435,0.848187,0.308715,0.430435,0.848187,0.308715,0.430435,0.848187,0.308715,0.430435,0.848187,0.308715,0.430435,0.902622,4.17489e-07,0.430435,0.902622,4.17489e-07,0.430435,0.902622,4.17489e-07,0.430435,0.902622,4.17489e-07,0.430435,0.848187,-0.308714,0.430435,0.848187,-0.308714,0.430435,0.848187,-0.308714,0.430435,0.848187,-0.308714,0.430435,0.691448,-0.580194,0.430435,0.691448,-0.580194,0.430435,0.691448,-0.580194,0.430435,0.691448,-0.580194,0.430435,0.451311,-0.781693,0.430435,0.451311,-0.781693,0.430435,0.451311,-0.781693,0.430435,0.451311,-0.781693,0.430435,0.156739,-0.888909,0.430435,0.156739,-0.888909,0.430435,0.156739,-0.888909,0.430435,0.156739,-0.888909,0.430435,-9.6818e-09,0,1,-9.6818e-09,0,1,-9.6818e-09,0,1,-9.6818e-09,0,1,-9.6818e-09,0,1,-9.6818e-09,0,1,-9.6818e-09,0,1,-9.6818e-09,0,1,-9.6818e-09,0,1,-9.6818e-09,0,1,-9.6818e-09,0,1,-9.6818e-09,0,1,-9.6818e-09,0,1,-9.6818e-09,0,1,-9.6818e-09,0,1,-9.6818e-09,0,1,-9.6818e-09,0,1,-9.6818e-09,0,1]},"texCoord0":{"type":"float32","components":2,"data":[0.5,0.996627,0.669856,0.00337276,0.834355,0.996627,0.5,0.00337276,0.834355,0.996627,0.819226,0.00337276,1.12838,0.996627,0.669856,0.00337276,0.930092,0.00337276,1.34662,0.996627,0.819226,0.00337276,1.12838,0.996627,1.34662,0.996627,0.930092,0.00337276,1.46274,0.996627,0.989082,0.00337288,1.46274,0.996627,0.989082,0.00337288,1.46274,0.996627,0.989082,0.00337288,1.46274,0.996627,0.930092,0.00337288,1.34662,0.996627,0.989082,0.00337288,1.34662,0.996627,0.819226,0.00337288,1.12838,0.996627,0.930092,0.00337288,1.12838,0.996627,0.819226,0.00337288,0.834355,0.996627,0.669857,0.00337288,0.834355,0.996627,0.669857,0.00337288,0.5,0.996627,0.5,0.00337288,0.5,0.996627,0.330144,0.00337288,0.165645,0.996627,0.5,0.00337288,0.165645,0.996627,0.180774,0.00337288,-0.128382,0.996627,0.330144,0.00337288,0.0699085,0.00337288,-0.346616,0.996627,0.180774,0.00337288,-0.128382,0.996627,-0.346616,0.996627,0.0699085,0.00337288,-0.462737,0.996627,0.0109178,0.00337288,-0.462737,0.996627,0.0109178,0.00337288,-0.462737,0.996627,0.0109178,0.00337288,-0.462737,0.996627,0.0699082,0.00337276,-0.346617,0.996627,0.0109178,0.00337288,-0.346617,0.996627,0.180774,0.00337276,-0.128382,0.996627,0.0699082,0.00337276,-0.128382,0.996627,0.180774,0.00337276,0.165644,0.996627,0.330143,0.00337276,0.165644,0.996627,0.330143,0.00337276,0.5,0.996627,0.5,0.00337276,0.0699082,0.00337276,0.330143,0.00337276,0.180774,0.00337276,0.819226,0.00337288,0.330144,0.00337288,0.5,0.00337288,0.5,0.00337276,0.669856,0.00337276,0.0699085,0.00337288,0.989082,0.00337288,0.669857,0.00337288,0.0109178,0.00337288,0.0109178,0.00337288,0.180774,0.00337288,0.930092,0.00337288,0.930092,0.00337276,0.989082,0.00337288,0.819226,0.00337276]}}],"meshes":[{"aabb":{"min":[-1.93855,-1.96846,-1],"max":[1.93855,1.96846,1]},"vertices":0,"indices":[0,1,2,1,0,3,4,5,6,5,4,7,8,9,10,11,10,9,12,13,14,13,15,14,16,17,18,18,17,19,20,21,22,21,20,23,24,25,26,25,24,27,28,29,30,29,31,30,32,33,34,34,33,35,36,37,38,37,36,39,40,41,42,41,40,43,44,45,46,47,46,45,48,49,50,49,51,50,52,53,54,54,53,55,56,57,58,57,56,59,60,61,62,61,60,63,64,65,66,65,67,66,68,69,70,70,69,71,72,73,74,75,76,77,72,78,73,79,80,81,75,77,82,72,79,78,83,72,84,80,72,83,79,72,80,76,80,85,81,80,76,75,81,76,81,75,86,87,81,88,89,81,87,79,81,89],"type":"triangles","base":0,"count":156}],"meshInstances":[{"node":1,"mesh":0}]}}